<?xml version="1.0" encoding="utf-8"?>
<odoo>
  <data noupdate="0">
    <record model="ir.module.category" id="access_management">
        <field name="name">綠界物流模組存取權限管理</field>
        <field name="sequence">3</field>
    </record>

    <record id="group_user" model="res.groups">
        <field name="name">使用者</field>
        <field name="implied_ids" eval="[(4, ref('base.group_user'))]"/>
        <field name="users" eval="[(4, ref('base.user_root'))]"/>
        <field name="category_id" ref="logistic_ecpay.access_management"/>
    </record>

    <record id="group_manager" model="res.groups">
        <field name="name">管理者</field>
        <field name="implied_ids" eval="[(4, ref('logistic_ecpay.group_user'))]"/>
        <field name="category_id" ref="logistic_ecpay.access_management"/>
    </record>
  </data>
</odoo>